{"cameraMode":{"drawMode":0,"name":"Shaded","section":"Shading Mode"},"sceneLighting":true,"audioPlay":false,"sceneViewState":{"m_AlwaysRefresh":false,"showFog":true,"showSkybox":true,"showFlares":true,"showImageEffects":true,"showParticleSystems":true,"showVisualEffectGraphs":true,"m_FxEnabled":true},"in2DMode":false,"pivot":{"x":-1.8676806688308716,"y":14.953004837036133,"z":-16.345542907714845},"rotation":{"x":-0.2171570211648941,"y":-0.18924683332443238,"z":0.043002188205718997,"w":-0.9567078948020935},"size":1.6415619850158692,"orthographic":false}