{"cameraMode":{"drawMode":0,"name":"Shaded","section":"Shading Mode"},"sceneLighting":true,"audioPlay":false,"sceneViewState":{"m_AlwaysRefresh":false,"showFog":true,"showSkybox":true,"showFlares":true,"showImageEffects":true,"showParticleSystems":true,"showVisualEffectGraphs":true,"m_FxEnabled":true},"in2DMode":false,"pivot":{"x":-16.739418029785158,"y":15.847404479980469,"z":-25.26415252685547},"rotation":{"x":0.2033487856388092,"y":0.03377413749694824,"z":-0.007013341411948204,"w":0.9785134792327881},"size":41.02259826660156,"orthographic":false}