{"cameraMode":{"drawMode":0,"name":"Shaded","section":"Shading Mode"},"sceneLighting":true,"audioPlay":false,"sceneViewState":{"m_AlwaysRefresh":false,"showFog":true,"showSkybox":true,"showFlares":true,"showImageEffects":true,"showParticleSystems":true,"showVisualEffectGraphs":true,"m_FxEnabled":true},"in2DMode":false,"pivot":{"x":-4.017768859863281,"y":7.071993827819824,"z":-40.115726470947269},"rotation":{"x":0.03760983794927597,"y":-0.09608833491802216,"z":-0.003610497573390603,"w":-0.9947121143341065},"size":1.6415619850158692,"orthographic":false}